distance,found_object,is_lift_in_fov,signal_quality,unobstructed
106.0,True,True, 1.664412021636963,True
106.0,True,True, 1.6597294807434082,True
109.0,True,True, 1.697881817817688,True
108.0,True,True, 1.6984392404556274,True
109.0,True,True, 1.7040133476257324,True
106.0,True,True, 1.692307710647583,True
107.0,True,True, 1.7017837762832642,True
106.0,True,True, 1.6939799785614014,True
105.0,True,True, 1.6675338745117188,True
105.0,True,True, 1.6664931774139404,True
107.0,True,True, 1.6581685543060303,True
105.0,True,True, 1.6925078630447388,True
107.0,True,True, 1.6659729480743408,True
107.0,True,True, 1.703455924987793,True
108.0,True,True, 1.726309895515442,True
107.0,True,True, 1.726309895515442,True
107.0,True,True, 1.731326699256897,True
106.0,True,True, 1.719620943069458,True
109.0,True,True, 1.7324414253234863,True
107.0,True,True, 1.7224080562591553,True
108.0,True,True, 1.7341136932373047,True
106.0,True,True, 1.7081165313720703,True
108.0,True,True, 1.7380156517028809,True
108.0,True,True, 1.7318840026855469,True
108.0,True,True, 1.7268673181533813,True
106.0,True,True, 1.7028985023498535,True
106.0,True,True, 1.720735788345337,True
107.0,True,True, 1.7268673181533813,True
105.0,True,True, 1.7129319906234741,True
107.0,True,True, 1.7179486751556396,True
105.0,True,True, 1.7346711158752441,True
108.0,True,True, 1.7329988479614258,True
107.0,True,True, 1.7458194494247437,True
108.0,True,True, 1.741360068321228,True
105.0,True,True, 1.7458194494247437,True
108.0,True,True, 1.736900806427002,True
105.0,True,True, 1.7329988479614258,True
108.0,True,True, 1.735785961151123,True
107.0,True,True, 1.736900806427002,True
105.0,True,True, 1.735785961151123,True
106.0,True,True, 1.704994797706604,True
108.0,True,True, 1.7329988479614258,True
108.0,True,True, 1.7324414253234863,True
106.0,True,True, 1.736900806427002,True
107.0,True,True, 1.7324414253234863,True
108.0,True,True, 1.730211853981018,True
106.0,True,True, 1.7240803241729736,True
106.0,True,True, 1.7318840026855469,True
107.0,True,True, 1.7112382650375366,True
107.0,True,True, 1.7070759534835815,True
108.0,True,True, 1.735785961151123,True
103.0,True,True, 1.746934175491333,True
108.0,True,True, 1.7363433837890625,True
107.0,True,True, 1.7268673181533813,True
104.0,True,True, 1.7408026456832886,True
105.0,True,True, 1.6997919082641602,True
106.0,True,True, 1.7157191038131714,True
105.0,True,True, 1.7134894132614136,True
106.0,True,True, 1.7224080562591553,True
107.0,True,True, 1.7179486751556396,True
106.0,True,True, 1.678459882736206,True
107.0,True,True, 1.7246376276016235,True
105.0,True,True, 1.7235229015350342,True
107.0,True,True, 1.6836628913879395,True
106.0,True,True, 1.7246376276016235,True
106.0,True,True, 1.6477627754211426,True
105.0,True,True, 1.6586889028549194,True
106.0,True,True, 1.6623308658599854,True
108.0,True,True, 1.6581685543060303,True
105.0,True,True, 1.7157191038131714,True
104.0,True,True, 1.6945890188217163,True
105.0,True,True, 1.7107023000717163,True
108.0,True,True, 1.5790842771530151,True
107.0,True,True, 1.594172716140747,True
109.0,True,True, 1.7329988479614258,True
107.0,True,True, 1.7029136419296265,True
106.0,True,True, 1.7341136932373047,True
108.0,True,True, 1.7290970087051392,True
106.0,True,True, 1.7246376276016235,True
107.0,True,True, 1.714046835899353,True
107.0,True,True, 1.700832486152649,True
105.0,True,True, 1.6977107524871826,True
104.0,True,True, 1.7168339490890503,True
104.0,True,True, 1.7129319906234741,True
107.0,True,True, 1.7224080562591553,True
103.0,True,True, 1.7224080562591553,True
106.0,True,True, 1.725195050239563,True
106.0,True,True, 1.7190635204315186,True
107.0,True,True, 1.7045707702636719,True
108.0,True,True, 1.7173912525177002,True
105.0,True,True, 1.7224080562591553,True
108.0,True,True, 1.7190635204315186,True
105.0,True,True, 1.7246376276016235,True
109.0,True,True, 1.7055151462554932,True
109.0,True,True, 1.7380156517028809,True
107.0,True,True, 1.7235229015350342,True
108.0,True,True, 1.7212932109832764,True
110.0,True,True, 1.7235229015350342,True
106.0,True,True, 1.7018730640411377,True
104.0,True,True, 1.709157109260559,True
104.0,True,True, 1.6919875144958496,True
104.0,True,True, 1.7285395860671997,True
108.0,True,True, 1.7341136932373047,True
105.0,True,True, 1.7296544313430786,True
107.0,True,True, 1.7290970087051392,True
108.0,True,True, 1.731326699256897,True
107.0,True,True, 1.7329988479614258,True
105.0,True,True, 1.7352285385131836,True
104.0,True,True, 1.7127991914749146,True
108.0,True,True, 1.7346711158752441,True
106.0,True,True, 1.7179486751556396,True
108.0,True,True, 1.7029136419296265,True
106.0,True,True, 1.735785961151123,True
106.0,True,True, 1.7180020809173584,True
107.0,True,True, 1.7112382650375366,True
107.0,True,True, 1.7290970087051392,True
106.0,True,True, 1.7329988479614258,True
106.0,True,True, 1.7169615030288696,True
108.0,True,True, 1.735785961151123,True
106.0,True,True, 1.7101976871490479,True
109.0,True,True, 1.7279821634292603,True
109.0,True,True, 1.7279821634292603,True
105.0,True,True, 1.7039542198181152,True
105.0,True,True, 1.7039542198181152,True
107.0,True,True, 1.7086368799209595,True
105.0,True,True, 1.7112382650375366,True
108.0,True,True, 1.7341136932373047,True
107.0,True,True, 1.718506097793579,True
106.0,True,True, 1.7408026456832886,True
105.0,True,True, 1.7180020809173584,True
105.0,True,True, 1.7180020809173584,True
107.0,True,True, 1.7329988479614258,True
106.0,True,True, 1.7374582290649414,True
107.0,True,True, 1.7363433837890625,True
107.0,True,True, 1.7363433837890625,True
108.0,True,True, 1.7324414253234863,True
107.0,True,True, 1.7246376276016235,True
106.0,True,True, 1.7070759534835815,True
106.0,True,True, 1.7070759534835815,True
108.0,True,True, 1.7346711158752441,True
106.0,True,True, 1.7307692766189575,True
106.0,True,True, 1.7023932933807373,True
107.0,True,True, 1.7374582290649414,True
109.0,True,True, 1.7274247407913208,True
107.0,True,True, 1.7318840026855469,True
108.0,True,True, 1.7380156517028809,True
107.0,True,True, 1.7441471815109253,True
105.0,True,True, 1.7341136932373047,True
107.0,True,True, 1.731326699256897,True
107.0,True,True, 1.735785961151123,True
107.0,True,True, 1.710718035697937,True
108.0,True,True, 1.7318840026855469,True
106.0,True,True, 1.7341136932373047,True
106.0,True,True, 1.7173912525177002,True
107.0,True,True, 1.7146042585372925,True
104.0,True,True, 1.6409989595413208,True
107.0,True,True, 1.653485894203186,True
106.0,True,True, 1.6477627754211426,True
107.0,True,True, 1.6472424268722534,True
108.0,True,True, 1.6472424268722534,True
106.0,True,True, 1.6586889028549194,True
109.0,True,True, 1.6930280923843384,True
108.0,True,True, 1.726309895515442,True
107.0,True,True, 1.7307692766189575,True
106.0,True,True, 1.7318840026855469,True
106.0,True,True, 1.7318840026855469,True
106.0,True,True, 1.7257524728775024,True
107.0,True,True, 1.7279821634292603,True
105.0,True,True, 1.7018730640411377,True
105.0,True,True, 1.7218506336212158,True
107.0,True,True, 1.6997919082641602,True
105.0,True,True, 1.7268673181533813,True
104.0,True,True, 1.7285395860671997,True
108.0,True,True, 1.7279821634292603,True
108.0,True,True, 1.7279821634292603,True
106.0,True,True, 1.7279821634292603,True
107.0,True,True, 1.7138397693634033,True
108.0,True,True, 1.7212932109832764,True
106.0,True,True, 1.7055151462554932,True
107.0,True,True, 1.7123745679855347,True
107.0,True,True, 1.7123745679855347,True
106.0,True,True, 1.6638917922973633,True
109.0,True,True, 1.6560873985290527,True
106.0,True,True, 1.6581685543060303,True
105.0,True,True, 1.6654525995254517,True
107.0,True,True, 1.6696150302886963,True
108.0,True,True, 1.660770058631897,True
108.0,True,True, 1.660770058631897,True
106.0,True,True, 1.664932370185852,True
106.0,True,True, 1.670135259628296,True
110.0,True,True, 1.6675338745117188,True
110.0,True,True, 1.6675338745117188,True
106.0,True,True, 1.6659729480743408,True
106.0,True,True, 1.6727367639541626,True
107.0,True,True, 1.6659729480743408,True
105.0,True,True, 1.6711758375167847,True
105.0,True,True, 1.660770058631897,True
106.0,True,True, 1.6680541038513184,True
105.0,True,True, 1.6696150302886963,True
106.0,True,True, 1.675858497619629,True
107.0,True,True, 1.6618106365203857,True
106.0,True,True, 1.674297571182251,True
107.0,True,True, 1.6831425428390503,True
106.0,True,True, 1.6779396533966064,True
106.0,True,True, 1.670655608177185,True
106.0,True,True, 1.670655608177185,True
107.0,True,True, 1.6722164154052734,True
107.0,True,True, 1.6722164154052734,True
107.0,True,True, 1.6638917922973633,True
105.0,True,True, 1.680020809173584,True
107.0,True,True, 1.6732569932937622,True
107.0,True,True, 1.6716961860656738,True
107.0,True,True, 1.6821019649505615,True
107.0,True,True, 1.6810613870620728,True
106.0,True,True, 1.6805411577224731,True
105.0,True,True, 1.6680541038513184,True
105.0,True,True, 1.684183120727539,True
107.0,True,True, 1.6716961860656738,True
106.0,True,True, 1.680020809173584,True
105.0,True,True, 1.6716961860656738,True
105.0,True,True, 1.6774193048477173,True
107.0,True,True, 1.6763787269592285,True
110.0,True,True, 1.6753381490707397,True
104.0,True,True, 1.670135259628296,True
106.0,True,True, 1.659209132194519,True
108.0,True,True, 1.6628512144088745,True
106.0,True,True, 1.656607747077942,True
107.0,True,True, 1.659209132194519,True
106.0,True,True, 1.6628512144088745,True
106.0,True,True, 1.653485894203186,True
107.0,True,True, 1.6685744524002075,True
105.0,True,True, 1.6732569932937622,True
106.0,True,True, 1.6581685543060303,True
105.0,True,True, 1.6503641605377197,True
107.0,True,True, 1.660770058631897,True
107.0,True,True, 1.660770058631897,True
107.0,True,True, 1.655046820640564,True
106.0,True,True, 1.6571279764175415,True
107.0,True,True, 1.6498439311981201,True
107.0,True,True, 1.6524453163146973,True
108.0,True,True, 1.670135259628296,True
106.0,True,True, 1.6753381490707397,True
105.0,True,True, 1.685744047164917,True
107.0,True,True, 1.6810613870620728,True
107.0,True,True, 1.6810613870620728,True
108.0,True,True, 1.7162765264511108,True
106.0,True,True, 1.7274247407913208,True
106.0,True,True, 1.7318840026855469,True
107.0,True,True, 1.7290970087051392,True
107.0,True,True, 1.7268673181533813,True
103.0,True,True, 1.6966701745986938,True
108.0,True,True, 1.7285395860671997,True
107.0,True,True, 1.7173912525177002,True
106.0,True,True, 1.7296544313430786,True
106.0,True,True, 1.7246376276016235,True
106.0,True,True, 1.7212932109832764,True
107.0,True,True, 1.7257524728775024,True
106.0,True,True, 1.7246376276016235,True
107.0,True,True, 1.7179486751556396,True
108.0,True,True, 1.725195050239563,True
108.0,True,True, 1.7268673181533813,True
107.0,True,True, 1.7224080562591553,True
104.0,True,True, 1.689906358718872,True
107.0,True,True, 1.7190635204315186,True
105.0,True,True, 1.7168339490890503,True
105.0,True,True, 1.7246376276016235,True
106.0,True,True, 1.6930280923843384,True
104.0,True,True, 1.7212932109832764,True
107.0,True,True, 1.7201783657073975,True
104.0,True,True, 1.6883454322814941,True
107.0,True,True, 1.7146042585372925,True
103.0,True,True, 1.695109248161316,True
105.0,True,True, 1.7346711158752441,True
105.0,True,True, 1.6930280923843384,True
106.0,True,True, 1.6904265880584717,True
106.0,True,True, 1.7062430381774902,True
107.0,True,True, 1.6847034692764282,True
106.0,True,True, 1.6852236986160278,True
102.0,True,True, 1.7112597227096558,True
106.0,True,True, 1.689386010169983,True
106.0,True,True, 1.7146042585372925,True
106.0,True,True, 1.7129319906234741,True
107.0,True,True, 1.6914671659469604,True
107.0,True,True, 1.6867846250534058,True
104.0,True,True, 1.7095874547958374,True
107.0,True,True, 1.720735788345337,True
106.0,True,True, 1.7240803241729736,True
105.0,True,True, 1.7229654788970947,True
107.0,True,True, 1.7257524728775024,True
104.0,True,True, 1.7107023000717163,True
107.0,True,True, 1.6753381490707397,True
108.0,True,True, 1.6519250869750977,True
108.0,True,True, 1.6482830047607422,True
106.0,True,True, 1.6488033533096313,True
109.0,True,True, 1.6602497100830078,True
105.0,True,True, 1.6623308658599854,True
106.0,True,True, 1.6545265913009644,True
107.0,True,True, 1.659209132194519,True
105.0,True,True, 1.6748179197311401,True
103.0,True,True, 1.6664931774139404,True
108.0,True,True, 1.6560873985290527,True
105.0,True,True, 1.6680541038513184,True
105.0,True,True, 1.6711758375167847,True
105.0,True,True, 1.6602497100830078,True
108.0,True,True, 1.660770058631897,True
108.0,True,True, 1.6540062427520752,True
109.0,True,True, 1.6571279764175415,True
108.0,True,True, 1.6767001152038574,True
108.0,True,True, 1.6545265913009644,True
107.0,True,True, 1.6540062427520752,True
104.0,True,True, 1.6612902879714966,True
107.0,True,True, 1.659209132194519,True
105.0,True,True, 1.6628512144088745,True
108.0,True,True, 1.6889631748199463,True
105.0,True,True, 1.6638917922973633,True
105.0,True,True, 1.6602497100830078,True
105.0,True,True, 1.6654525995254517,True
106.0,True,True, 1.6753381490707397,True
109.0,True,True, 1.660770058631897,True
105.0,True,True, 1.6659729480743408,True
107.0,True,True, 1.6623308658599854,True
108.0,True,True, 1.6581685543060303,True
105.0,True,True, 1.6618106365203857,True
104.0,True,True, 1.655046820640564,True
108.0,True,True, 1.6618106365203857,True
108.0,True,True, 1.6732569932937622,True
105.0,True,True, 1.6659729480743408,True
104.0,True,True, 1.6675338745117188,True
108.0,True,True, 1.6623308658599854,True
104.0,True,True, 1.6571279764175415,True
106.0,True,True, 1.674297571182251,True
105.0,True,True, 1.6597294807434082,True
109.0,True,True, 1.6654525995254517,True
108.0,True,True, 1.6612902879714966,True
110.0,True,True, 1.6581685543060303,True
106.0,True,True, 1.6675338745117188,True
104.0,True,True, 1.6612902879714966,True
106.0,True,True, 1.6576483249664307,True
105.0,True,True, 1.6612902879714966,True
106.0,True,True, 1.664932370185852,True
107.0,True,True, 1.6727367639541626,True
104.0,True,True, 1.6529656648635864,True
106.0,True,True, 1.6540062427520752,True
106.0,True,True, 1.6602497100830078,True
108.0,True,True, 1.656607747077942,True
107.0,True,True, 1.6540062427520752,True
106.0,True,True, 1.6581685543060303,True
104.0,True,True, 1.6638917922973633,True
107.0,True,True, 1.660770058631897,True
106.0,True,True, 1.6659729480743408,True
108.0,True,True, 1.660770058631897,True
108.0,True,True, 1.6472424268722534,True
107.0,True,True, 1.6446410417556763,True
107.0,True,True, 1.645681619644165,True
108.0,True,True, 1.6373568773269653,True
106.0,True,True, 1.6311134099960327,True
106.0,True,True, 1.6420395374298096,True
106.0,True,True, 1.6540062427520752,True
107.0,True,True, 1.6498439311981201,True
107.0,True,True, 1.638397455215454,True
109.0,True,True, 1.6363162994384766,True
107.0,True,True, 1.6363162994384766,True
106.0,True,True, 1.6425598859786987,True
106.0,True,True, 1.6373568773269653,True
108.0,True,True, 1.6373568773269653,True
108.0,True,True, 1.638397455215454,True
106.0,True,True, 1.6482830047607422,True
108.0,True,True, 1.6404786109924316,True
107.0,True,True, 1.6409989595413208,True
108.0,True,True, 1.6482830047607422,True
107.0,True,True, 1.6394380331039429,True
108.0,True,True, 1.655046820640564,True
107.0,True,True, 1.6373568773269653,True
107.0,True,True, 1.6519250869750977,True
107.0,True,True, 1.6467221975326538,True
106.0,True,True, 1.6467221975326538,True
106.0,True,True, 1.6462018489837646,True
107.0,True,True, 1.6446410417556763,True
111.0,True,True, 1.6389178037643433,True
108.0,True,True, 1.6446410417556763,True
107.0,True,True, 1.6462018489837646,True
103.0,True,True, 1.6451612710952759,True
108.0,True,True, 1.6373568773269653,True
105.0,True,True, 1.644120693206787,True
106.0,True,True, 1.6451612710952759,True
106.0,True,True, 1.6498439311981201,True
109.0,True,True, 1.6420395374298096,True
104.0,True,True, 1.64151930809021,True
107.0,True,True, 1.6488033533096313,True
109.0,True,True, 1.6446410417556763,True
107.0,True,True, 1.6462018489837646,True
107.0,True,True, 1.6451612710952759,True
104.0,True,True, 1.6430801153182983,True
108.0,True,True, 1.6409989595413208,True
109.0,True,True, 1.6425598859786987,True
109.0,True,True, 1.6472424268722534,True
105.0,True,True, 1.6436004638671875,True
107.0,True,True, 1.6389178037643433,True
108.0,True,True, 1.64151930809021,True
108.0,True,True, 1.6363162994384766,True
108.0,True,True, 1.6514047384262085,True
107.0,True,True, 1.6482830047607422,True
107.0,True,True, 1.645681619644165,True
108.0,True,True, 1.644120693206787,True
107.0,True,True, 1.639958381652832,True
107.0,True,True, 1.6430801153182983,True
105.0,True,True, 1.6404786109924316,True
110.0,True,True, 1.638397455215454,True
105.0,True,True, 1.656607747077942,True
108.0,True,True, 1.644120693206787,True
107.0,True,True, 1.6508845090866089,True
105.0,True,True, 1.6394380331039429,True
107.0,True,True, 1.6519250869750977,True
106.0,True,True, 1.6514047384262085,True
104.0,True,True, 1.6545265913009644,True
104.0,True,True, 1.6545265913009644,True
108.0,True,True, 1.6623308658599854,True
108.0,True,True, 1.659209132194519,True
106.0,True,True, 1.644120693206787,True
105.0,True,True, 1.6571279764175415,True
107.0,True,True, 1.6430801153182983,True
108.0,True,True, 1.6378772258758545,True
106.0,True,True, 1.6498439311981201,True
107.0,True,True, 1.644120693206787,True
109.0,True,True, 1.6462018489837646,True
110.0,True,True, 1.6389178037643433,True
108.0,True,True, 1.6347554922103882,True
105.0,True,True, 1.6462018489837646,True
107.0,True,True, 1.6389178037643433,True
109.0,True,True, 1.644120693206787,True
107.0,True,True, 1.6581685543060303,True
109.0,True,True, 1.6373568773269653,True
105.0,True,True, 1.649323582649231,True
107.0,True,True, 1.6508845090866089,True
106.0,True,True, 1.6420395374298096,True
108.0,True,True, 1.64151930809021,True
107.0,True,True, 1.6373568773269653,True
105.0,True,True, 1.649323582649231,True
107.0,True,True, 1.645681619644165,True
108.0,True,True, 1.6425598859786987,True
108.0,True,True, 1.6524453163146973,True
107.0,True,True, 1.6394380331039429,True
109.0,True,True, 1.6389178037643433,True
107.0,True,True, 1.634235143661499,True
108.0,True,True, 1.6425598859786987,True
106.0,True,True, 1.6368366479873657,True
105.0,True,True, 1.649323582649231,True
106.0,True,True, 1.6425598859786987,True
108.0,True,True, 1.6389178037643433,True
109.0,True,True, 1.6404786109924316,True
107.0,True,True, 1.6404786109924316,True
104.0,True,True, 1.6451612710952759,True
106.0,True,True, 1.6462018489837646,True
106.0,True,True, 1.6404786109924316,True
106.0,True,True, 1.6462018489837646,True
107.0,True,True, 1.6436004638671875,True
107.0,True,True, 1.6540062427520752,True
106.0,True,True, 1.6295526027679443,True
106.0,True,True, 1.644120693206787,True
106.0,True,True, 1.6420395374298096,True
108.0,True,True, 1.6404786109924316,True
109.0,True,True, 1.649323582649231,True
107.0,True,True, 1.6420395374298096,True
111.0,True,True, 1.64151930809021,True
108.0,True,True, 1.6394380331039429,True
108.0,True,True, 1.6394380331039429,True
106.0,True,True, 1.6373568773269653,True
107.0,True,True, 1.6529656648635864,True
108.0,True,True, 1.6425598859786987,True
104.0,True,True, 1.64151930809021,True
104.0,True,True, 1.6430801153182983,True
106.0,True,True, 1.639958381652832,True
106.0,True,True, 1.655046820640564,True
104.0,True,True, 1.6337149143218994,True
109.0,True,True, 1.6378772258758545,True
108.0,True,True, 1.6462018489837646,True
108.0,True,True, 1.644120693206787,True
108.0,True,True, 1.6519250869750977,True
107.0,True,True, 1.6462018489837646,True
107.0,True,True, 1.630593180656433,True
105.0,True,True, 1.6467221975326538,True
106.0,True,True, 1.644120693206787,True
107.0,True,True, 1.6451612710952759,True
110.0,True,True, 1.6394380331039429,True
106.0,True,True, 1.6503641605377197,True
108.0,True,True, 1.6462018489837646,True
105.0,True,True, 1.6472424268722534,True
107.0,True,True, 1.6508845090866089,True
105.0,True,True, 1.6394380331039429,True
107.0,True,True, 1.644120693206787,True
106.0,True,True, 1.6326743364334106,True
105.0,True,True, 1.6368366479873657,True
108.0,True,True, 1.6430801153182983,True
106.0,True,True, 1.6462018489837646,True
107.0,True,True, 1.6451612710952759,True
107.0,True,True, 1.644120693206787,True
107.0,True,True, 1.6514047384262085,True
106.0,True,True, 1.6451612710952759,True
107.0,True,True, 1.639958381652832,True
105.0,True,True, 1.6467221975326538,True
107.0,True,True, 1.6467221975326538,True
106.0,True,True, 1.6508845090866089,True
107.0,True,True, 1.6498439311981201,True
105.0,True,True, 1.6514047384262085,True
107.0,True,True, 1.6451612710952759,True
107.0,True,True, 1.653485894203186,True
105.0,True,True, 1.6472424268722534,True
105.0,True,True, 1.6409989595413208,True
106.0,True,True, 1.6482830047607422,True
107.0,True,True, 1.6477627754211426,True
105.0,True,True, 1.6409989595413208,True
108.0,True,True, 1.634235143661499,True
108.0,True,True, 1.6430801153182983,True
108.0,True,True, 1.6430801153182983,True
105.0,True,True, 1.6467221975326538,True
105.0,True,True, 1.6472424268722534,True
105.0,True,True, 1.644120693206787,True
107.0,True,True, 1.64151930809021,True
108.0,True,True, 1.6378772258758545,True
109.0,True,True, 1.6373568773269653,True
107.0,True,True, 1.6326743364334106,True
108.0,True,True, 1.6279916763305664,True
106.0,True,True, 1.630072832107544,True
108.0,True,True, 1.634235143661499,True
104.0,True,True, 1.6311134099960327,True
109.0,True,True, 1.6430801153182983,True
106.0,True,True, 1.6352757215499878,True
104.0,True,True, 1.6378772258758545,True
107.0,True,True, 1.6326743364334106,True
107.0,True,True, 1.6279916763305664,True
106.0,True,True, 1.6451612710952759,True
107.0,True,True, 1.639958381652832,True
106.0,True,True, 1.6337149143218994,True
108.0,True,True, 1.639958381652832,True
105.0,True,True, 1.6472424268722534,True
107.0,True,True, 1.6524453163146973,True
105.0,True,True, 1.6477627754211426,True
106.0,True,True, 1.6451612710952759,True
107.0,True,True, 1.6508845090866089,True
106.0,True,True, 1.6477627754211426,True
108.0,True,True, 1.6446410417556763,True
107.0,True,True, 1.6498439311981201,True
108.0,True,True, 1.6519250869750977,True
108.0,True,True, 1.6555671691894531,True
106.0,True,True, 1.653485894203186,True
108.0,True,True, 1.6498439311981201,True
105.0,True,True, 1.6623308658599854,True
109.0,True,True, 1.655046820640564,True
109.0,True,True, 1.6462018489837646,True
107.0,True,True, 1.6425598859786987,True
107.0,True,True, 1.64151930809021,True
107.0,True,True, 1.6420395374298096,True
105.0,True,True, 1.6446410417556763,True
105.0,True,True, 1.649323582649231,True
108.0,True,True, 1.653485894203186,True
107.0,True,True, 1.6462018489837646,True
105.0,True,True, 1.6378772258758545,True
108.0,True,True, 1.6430801153182983,True
108.0,True,True, 1.6462018489837646,True
107.0,True,True, 1.6394380331039429,True
107.0,True,True, 1.6503641605377197,True
111.0,True,True, 1.645681619644165,True
106.0,True,True, 1.6467221975326538,True
108.0,True,True, 1.6545265913009644,True
106.0,True,True, 1.6519250869750977,True
104.0,True,True, 1.6638917922973633,True
105.0,True,True, 1.6696150302886963,True
105.0,True,True, 1.6664931774139404,True
108.0,True,True, 1.6680541038513184,True
107.0,True,True, 1.670135259628296,True
107.0,True,True, 1.6659729480743408,True
106.0,True,True, 1.6586889028549194,True
108.0,True,True, 1.6680541038513184,True
108.0,True,True, 1.6822742223739624,True
106.0,True,True, 1.6612902879714966,True
106.0,True,True, 1.674297571182251,True
108.0,True,True, 1.655046820640564,True
107.0,True,True, 1.656607747077942,True
104.0,True,True, 1.649323582649231,True
109.0,True,True, 1.6482830047607422,True
107.0,True,True, 1.644120693206787,True
107.0,True,True, 1.644120693206787,True
108.0,True,True, 1.6389178037643433,True
110.0,True,True, 1.6420395374298096,True
106.0,True,True, 1.6467221975326538,True
108.0,True,True, 1.6420395374298096,True
106.0,True,True, 1.6498439311981201,True
108.0,True,True, 1.656607747077942,True
107.0,True,True, 1.656607747077942,True
105.0,True,True, 1.649323582649231,True
108.0,True,True, 1.6462018489837646,True
105.0,True,True, 1.6545265913009644,True
111.0,True,True, 1.6467221975326538,True
106.0,True,True, 1.6462018489837646,True
106.0,True,True, 1.6430801153182983,True
107.0,True,True, 1.649323582649231,True
106.0,True,True, 1.6618106365203857,True
107.0,True,True, 1.6514047384262085,True
108.0,True,True, 1.6467221975326538,True
105.0,True,True, 1.6519250869750977,True
105.0,True,True, 1.6446410417556763,True
107.0,True,True, 1.6508845090866089,True
104.0,True,True, 1.6498439311981201,True
107.0,True,True, 1.6618106365203857,True
107.0,True,True, 1.6612902879714966,True
105.0,True,True, 1.6576483249664307,True
106.0,True,True, 1.6675338745117188,True
108.0,True,True, 1.6828316450119019,True
107.0,True,True, 1.6623308658599854,True
109.0,True,True, 1.6664931774139404,True
107.0,True,True, 1.6545265913009644,True
105.0,True,True, 1.6451612710952759,True
106.0,True,True, 1.645681619644165,True
105.0,True,True, 1.6482830047607422,True
109.0,True,True, 1.6503641605377197,True
108.0,True,True, 1.6519250869750977,True
106.0,True,True, 1.6446410417556763,True
107.0,True,True, 1.6373568773269653,True
108.0,True,True, 1.644120693206787,True
106.0,True,True, 1.6508845090866089,True
107.0,True,True, 1.649323582649231,True
106.0,True,True, 1.6451612710952759,True
105.0,True,True, 1.6467221975326538,True
107.0,True,True, 1.6477627754211426,True
106.0,True,True, 1.6571279764175415,True
106.0,True,True, 1.6498439311981201,True
106.0,True,True, 1.6467221975326538,True
107.0,True,True, 1.6467221975326538,True
108.0,True,True, 1.6488033533096313,True
105.0,True,True, 1.6462018489837646,True
108.0,True,True, 1.6498439311981201,True
105.0,True,True, 1.6430801153182983,True
107.0,True,True, 1.635796070098877,True
107.0,True,True, 1.6540062427520752,True
106.0,True,True, 1.6446410417556763,True
106.0,True,True, 1.6503641605377197,True
106.0,True,True, 1.6451612710952759,True
106.0,True,True, 1.6430801153182983,True
108.0,True,True, 1.6586889028549194,True
104.0,True,True, 1.6472424268722534,True
107.0,True,True, 1.6477627754211426,True
107.0,True,True, 1.6524453163146973,True
106.0,True,True, 1.6462018489837646,True
107.0,True,True, 1.6519250869750977,True
108.0,True,True, 1.6628512144088745,True
103.0,True,True, 1.6623308658599854,True
106.0,True,True, 1.6529656648635864,True
108.0,True,True, 1.6498439311981201,True
104.0,True,True, 1.6612902879714966,True
106.0,True,True, 1.659209132194519,True
107.0,True,True, 1.664412021636963,True
107.0,True,True, 1.6529656648635864,True
107.0,True,True, 1.6503641605377197,True
106.0,True,True, 1.6498439311981201,True
107.0,True,True, 1.6519250869750977,True
107.0,True,True, 1.6451612710952759,True
105.0,True,True, 1.6451612710952759,True
109.0,True,True, 1.6404786109924316,True
104.0,True,True, 1.6560873985290527,True
106.0,True,True, 1.64151930809021,True
107.0,True,True, 1.6597294807434082,True
108.0,True,True, 1.6581685543060303,True
106.0,True,True, 1.649323582649231,True
109.0,True,True, 1.6519250869750977,True
109.0,True,True, 1.6321539878845215,True
106.0,True,True, 1.6446410417556763,True
104.0,True,True, 1.6420395374298096,True
104.0,True,True, 1.638397455215454,True
107.0,True,True, 1.6503641605377197,True
107.0,True,True, 1.6462018489837646,True
105.0,True,True, 1.6472424268722534,True
106.0,True,True, 1.6503641605377197,True
106.0,True,True, 1.656607747077942,True
107.0,True,True, 1.6519250869750977,True
107.0,True,True, 1.6430801153182983,True
108.0,True,True, 1.6420395374298096,True
108.0,True,True, 1.644120693206787,True
106.0,True,True, 1.6586889028549194,True
105.0,True,True, 1.6420395374298096,True
105.0,True,True, 1.6430801153182983,True
110.0,True,True, 1.6425598859786987,True
108.0,True,True, 1.649323582649231,True
